JobTitle,JobYear,JobLink,JobType,JobField,JobSource,JobLink_norm,FieldAlias,Count
American University of Beirut,2010,mailto:as_dean@aub.edu.lb | http://www.aub.edu.lb/fas,Unknown,Rhetoric/Composition,Wiki,mailto:as_dean@aub.edu.lb | http://www.aub.edu.lb/fas,Rhetoric/Composition,2443
Cal State San Marcos,2010,http://www.csusm.edu/facultyopportunities,Unknown,Rhetoric/Composition,Wiki,http://www.csusm.edu/facultyopportunities,Rhetoric/Composition,2443
Claremont McKenna College,2010,https://webapps.cmc.edu/jobs/staff/staff_opening_detail.php?PostingID=M935,Unknown,Rhetoric/Composition,Wiki,https://webapps.cmc.edu/jobs/staff/staff_opening_detail.php?PostingID=M935,Rhetoric/Composition,2443
Columbia University (NY),2010,http://chronicle.com/jobs/0000649408-01/ | https://academicjobs.columbia.edu/applicants/Central?quickFind=53715,Unknown,Rhetoric/Composition,Wiki,http://chronicle.com/jobs/0000649408-01/ | https://academicjobs.columbia.edu/applicants/Central?quickFind=53715,Rhetoric/Composition,2443
Concordia University Chicago,2010,http://www.higheredjobs.com/faculty/details.cfm?JobCode=175466877,Unknown,Rhetoric/Composition,Wiki,http://www.higheredjobs.com/faculty/details.cfm?JobCode=175466877,Rhetoric/Composition,2443
Curry College (MA),2010,http://curry.interviewexchange.com/jobofferdetails.jsp?JOBID=22027,Unknown,Rhetoric/Composition,Wiki,http://curry.interviewexchange.com/jobofferdetails.jsp?JOBID=22027,Rhetoric/Composition,2443
Drew University,2010,,Unknown,Rhetoric/Composition,Wiki,,Rhetoric/Composition,2443
East Stroudsburg University (Professional / Tech Writing),2010,http://www.higheredjobs.com/faculty/details.cfm?JobCode=175486475,Unknown,Rhetoric/Composition,Wiki,http://www.higheredjobs.com/faculty/details.cfm?JobCode=175486475,Rhetoric/Composition,2443
George Mason University,2010,http://jobs.gmu.edu/,Unknown,Rhetoric/Composition,Wiki,http://jobs.gmu.edu/,Rhetoric/Composition,2443
Georgia Gwinett College,2010,http://www.insidehighered.com/career/seekers/posts/view/150267,Unknown,Rhetoric/Composition,Wiki,http://www.insidehighered.com/career/seekers/posts/view/150267,Rhetoric/Composition,2443
Georgia Southern U,2010,http://class.georgiasouthern.edu/writling | mailto:michaelp@georgiasouthern.edu. | http://class.georgiasouthern.edu/pdf/59255.pdf,Unknown,Rhetoric/Composition,Wiki,http://class.georgiasouthern.edu/writling | mailto:michaelp@georgiasouthern.edu. | http://class.georgiasouthern.edu/pdf/59255.pdf,Rhetoric/Composition,2443
Georgia State University,2010,http://www.english.gsu.edu/index.php,Unknown,Rhetoric/Composition,Wiki,http://www.english.gsu.edu/index.php,Rhetoric/Composition,2443
Harvard University (Preceptor in Expository Writing),2010,http://interfolio.com/hcwppp.cfm | http://www.writingprogram.fas.harvard.edu/ | http://interfolio.com/hcwppp.cfm,Unknown,Rhetoric/Composition,Wiki,http://interfolio.com/hcwppp.cfm | http://www.writingprogram.fas.harvard.edu/ | http://interfolio.com/hcwppp.cfm,Rhetoric/Composition,2443
Haverford College,2010,http://chronicle.com/jobs/0000646800-01/,Unknown,Rhetoric/Composition,Wiki,http://chronicle.com/jobs/0000646800-01/,Rhetoric/Composition,2443
Ithaca College (NY),2010,http://www.higheredjobs.com/faculty/details.cfm?JobCode=175465935,Unknown,Rhetoric/Composition,Wiki,http://www.higheredjobs.com/faculty/details.cfm?JobCode=175465935,Rhetoric/Composition,2443
Johns Hopkins University - Lectureship in the Expository Writing Program,2010,http://chronicle.com/jobs/0000661818-01/ | http://sites.jhu.edu/ewp/lecturer.html,Unknown,Rhetoric/Composition,Wiki,http://chronicle.com/jobs/0000661818-01/ | http://sites.jhu.edu/ewp/lecturer.html,Rhetoric/Composition,2443
"Long Island University, CW Post - Rhetoric",2010,http://www.liu.edu/CWPost.aspx | mailto:Richard.McNabb@liu.edu,Unknown,Rhetoric/Composition,Wiki,http://www.liu.edu/CWPost.aspx | mailto:Richard.McNabb@liu.edu,Rhetoric/Composition,2443
"Michigan State University, Digital Humanities & Multimedia Writing (2 positions)",2010,http://jobs.msu.edu/,Unknown,Rhetoric/Composition,Wiki,http://jobs.msu.edu/,Rhetoric/Composition,2443
Murray State (KY),2010,http://www.higheredjobs.com/faculty/details.cfm?JobCode=175463622,Unknown,Rhetoric/Composition,Wiki,http://www.higheredjobs.com/faculty/details.cfm?JobCode=175463622,Rhetoric/Composition,2443
"Norfolk State University, (Norfolk, VA)",2010,http://www.nsu.edu/jobs/index2.php?id=385,Unknown,Rhetoric/Composition,Wiki,http://www.nsu.edu/jobs/index2.php?id=385,Rhetoric/Composition,2443
"Northeastern University (Boston, MA)",2010,http://www.wpacouncil.org/node/2896 | http://www.english.neu.edu/writingcenter/%29. | http://www.northeastern.edu/cssh/,Unknown,Rhetoric/Composition,Wiki,http://www.wpacouncil.org/node/2896 | http://www.english.neu.edu/writingcenter/%29. | http://www.northeastern.edu/cssh/,Rhetoric/Composition,2443
Northwestern College (Minnesota),2010,http://chronicle.com/jobs/0000642523-01 | http://www.nwc.edu/web/guest/declaration-of-christian-community,Unknown,Rhetoric/Composition,Wiki,http://chronicle.com/jobs/0000642523-01 | http://www.nwc.edu/web/guest/declaration-of-christian-community,Rhetoric/Composition,2443
Regis University (CO),2010,mailto:dhicks@regis.edu | https://jobs.regis.edu/,Unknown,Rhetoric/Composition,Wiki,mailto:dhicks@regis.edu | https://jobs.regis.edu/,Rhetoric/Composition,2443
Russell Sage College,2010,http://www.sage.edu/ | http://chronicle.com/jobs/0000651965-01/,Unknown,Rhetoric/Composition,Wiki,http://www.sage.edu/ | http://chronicle.com/jobs/0000651965-01/,Rhetoric/Composition,2443
St. John's University (NY),2010,http://www.higheredjobs.com/faculty/details.cfm?JobCode=175485671,Unknown,Rhetoric/Composition,Wiki,http://www.higheredjobs.com/faculty/details.cfm?JobCode=175485671,Rhetoric/Composition,2443
Unity College (Maine),2010,http://www.interviewexchange.com/jobofferdetails.jsp?JOBID=21946,Unknown,Rhetoric/Composition,Wiki,http://www.interviewexchange.com/jobofferdetails.jsp?JOBID=21946,Rhetoric/Composition,2443
"University of California, Irvine",2010,https://recruit.ap.uci.edu/ | http://chronicle.com/jobs/0000653704-01/ | http://www.uci.edu/employment | https://h-net.org/jobs/job_display.php?id=41700,Unknown,Rhetoric/Composition,Wiki,https://recruit.ap.uci.edu/ | http://chronicle.com/jobs/0000653704-01/ | http://www.uci.edu/employment | https://h-net.org/jobs/job_display.php?id=41700,Rhetoric/Composition,2443
"University of Central Oklahoma (Edmond, OK)",2010,http://www.higheredjobs.com/details.cfm?JobCode=175456973,Unknown,Rhetoric/Composition,Wiki,http://www.higheredjobs.com/details.cfm?JobCode=175456973,Rhetoric/Composition,2443
University of Georgia,2010,,Unknown,Rhetoric/Composition,Wiki,,Rhetoric/Composition,2443
University of Michigan (Ann Arbor),2010,http://www.wpacouncil.org/node/2778,Unknown,Rhetoric/Composition,Wiki,http://www.wpacouncil.org/node/2778,Rhetoric/Composition,2443
"University of Missouri, Columbia",2010,http://cwp.missouri.edu/ | mailto:MUCWPdirectorsearch@missouri.edu,Unknown,Rhetoric/Composition,Wiki,http://cwp.missouri.edu/ | mailto:MUCWPdirectorsearch@missouri.edu,Rhetoric/Composition,2443
Southern Illinois University Carbondale,2010,http://chronicle.com/jobs/0000683160-01/,Unknown,Rhetoric/Composition,Wiki,http://chronicle.com/jobs/0000683160-01/,Rhetoric/Composition,2443
Utah Valley University (2 tenure-track positions),2010,http://www.higheredjobs.com/faculty/details.cfm?JobCode=175470532,Unknown,Rhetoric/Composition,Wiki,http://www.higheredjobs.com/faculty/details.cfm?JobCode=175470532,Rhetoric/Composition,2443
Washburn University (KS),2010,http://www.higheredjobs.com/faculty/details.cfm?JobCode=175479993,Unknown,Rhetoric/Composition,Wiki,http://www.higheredjobs.com/faculty/details.cfm?JobCode=175479993,Rhetoric/Composition,2443
American University of Beirut - Faculty position in Rhetoric/Composition - POSITION FILLED,2011,http://www.aub.edu.lb/fas | https://academicjobs.wikia.org/index.php?title=Rhetoric/Composition_2012#top,Unknown,Rhetoric/Composition,Wiki,http://www.aub.edu.lb/fas | https://academicjobs.wikia.org/index.php?title=Rhetoric/Composition_2012#top,Rhetoric/Composition,2443
"Brigham Young - Open Rank, Open Area - INTERVIEWS SCHEDULED",2011,https://academicjobs.wikia.org/index.php?title=Rhetoric/Composition_2012#top,Unknown,Rhetoric/Composition,Wiki,https://academicjobs.wikia.org/index.php?title=Rhetoric/Composition_2012#top,Rhetoric/Composition,2443
Colby College - Writing Program Administrator - PHONE INTERVIEW SCHEDULED,2011,mailto:ColbyWritingProgramDirectorsearch@colby.edu | http://www.higheredjobs.com/faculty/details.cfm?JobCode=175567175&Title=Director%20of%20Colby%20Writing%20Program,Unknown,Rhetoric/Composition,Wiki,mailto:ColbyWritingProgramDirectorsearch@colby.edu | http://www.higheredjobs.com/faculty/details.cfm?JobCode=175567175&Title=Director%20of%20Colby%20Writing%20Program,Rhetoric/Composition,2443
Drew University - Post Doc - Composition,2011,mailto:HR512-1@drew.edu,Unknown,Rhetoric/Composition,Wiki,mailto:HR512-1@drew.edu,Rhetoric/Composition,2443
Ferris State University - Department Head - DEADLINE PASSED,2011,http://employment.ferris.edu/applicants/Central?quickFind=51246 | http://wpacouncil.org/node/3407 | https://academicjobs.wikia.org/index.php?title=Rhetoric/Composition_2012#top,Unknown,Rhetoric/Composition,Wiki,http://employment.ferris.edu/applicants/Central?quickFind=51246 | http://wpacouncil.org/node/3407 | https://academicjobs.wikia.org/index.php?title=Rhetoric/Composition_2012#top,Rhetoric/Composition,2443
Georgetown University - Open Rank - OFFER ACCEPTED,2011,,Unknown,Rhetoric/Composition,Wiki,,Rhetoric/Composition,2443
"Georgia Gwinnett College - Open Rank, Composition and Liberal Arts Core",2011,,Unknown,Rhetoric/Composition,Wiki,,Rhetoric/Composition,2443
Harvard University - College Writing Program Preceptor - CAMPUS INTERVIEWS SCHEDULED,2011,http://academicpositions.harvard.edu/postings/3804,Unknown,Rhetoric/Composition,Wiki,http://academicpositions.harvard.edu/postings/3804,Rhetoric/Composition,2443
Mesa Community College - Tenure Track (3 Positions) - DEADLINE PASSED,2011,https://academicjobs.wikia.org/index.php?title=Rhetoric/Composition_2012#top,Unknown,Rhetoric/Composition,Wiki,https://academicjobs.wikia.org/index.php?title=Rhetoric/Composition_2012#top,Rhetoric/Composition,2443
Metro State College of Denver - English Tenure-Track Faculty and Composition Coordinator,2011,https://www.mscdjobs.com/applicants/jsp/shared/frameset/Frameset.jsp?time=1320072835930 | https://academicjobs.wikia.org/index.php?title=Rhetoric/Composition_2012#top,Unknown,Rhetoric/Composition,Wiki,https://www.mscdjobs.com/applicants/jsp/shared/frameset/Frameset.jsp?time=1320072835930 | https://academicjobs.wikia.org/index.php?title=Rhetoric/Composition_2012#top,Rhetoric/Composition,2443
Clemson University (SC) - Adv. Asst / Associate Prof - Writing Across the Curriculum - FULL CONSIDERATION DEADLINE PASSED,2012,https://secure.interfolio.com/apply/19689,Unknown,Rhetoric/Composition,Wiki,https://secure.interfolio.com/apply/19689,Rhetoric/Composition,2443
Nova Southeeastern University - Writing/Composition Faculty [NTT] - OFFER MADE,2012,https://www.nsujobs.com/,Unknown,Rhetoric/Composition,Wiki,https://www.nsujobs.com/,Rhetoric/Composition,2443
Southern Connecticut State University - Asst. or Assoc. Prof. - Composition - OFFER ACCEPTED,2012,http://www.higheredjobs.com/faculty/details.cfm?JobCode=175681889&Title=English%20%2D%20Asst%20or%20Assoc%2E%20Professor,Unknown,Rhetoric/Composition,Wiki,http://www.higheredjobs.com/faculty/details.cfm?JobCode=175681889&Title=English%20%2D%20Asst%20or%20Assoc%2E%20Professor,Rhetoric/Composition,2443
"University of Waterloo - Open Rank, Writing Studies - CAMPUS INTERVIEWS SCHEDULED",2012,http://www.stratfordcampus.uwaterloo.ca/programs/mdei,Unknown,Rhetoric/Composition,Wiki,http://www.stratfordcampus.uwaterloo.ca/programs/mdei,Rhetoric/Composition,2443
"Yale-NUS-College - Open Rank, Head of Writing across the Curriculum - REVIEW UNDERWAY",2012,http://www.yale-nus.edu.sg/prospective-faculty.html | https://secure.interfolio.com/apply/20672 | https://academicjobsonline.org/ajo/jobs/2079 | http://chronicle.com/article/AAUP-Outlines-Concerns-About/136121/?cid=at&utm_source=at&utm_medium=en,Unknown,Rhetoric/Composition,Wiki,http://www.yale-nus.edu.sg/prospective-faculty.html | https://secure.interfolio.com/apply/20672 | https://academicjobsonline.org/ajo/jobs/2079 | http://chronicle.com/article/AAUP-Outlines-Concerns-About/136121/?cid=at&utm_source=at&utm_medium=en,Rhetoric/Composition,2443
Harvard U. - Preceptor in Expository Writing for Harvard College Writing Program (Jan. 7 Deadline) - INTERVIEWS REQUESTED,2012,http://academicpositions.harvard.edu/postings/4429 | http://academicpositions.harvard.edu/postings/4429willbeaccepted | http://chronicle.com/jobs/0000757205-01/,Unknown,Rhetoric/Composition,Wiki,http://academicpositions.harvard.edu/postings/4429 | http://academicpositions.harvard.edu/postings/4429willbeaccepted | http://chronicle.com/jobs/0000757205-01/,Rhetoric/Composition,2443
"Hesston College (Hesston, KS) -- Full-Time, Year-to-year Contract English Faculty",2012,,Unknown,Rhetoric/Composition,Wiki,,Rhetoric/Composition,2443
Manhattan College  (NY) - 2 VAPs in Teaching Writing,2012,http://www.higheredjobs.com/faculty/details.cfm?JobCode=175710108&Title=Two%20Full%2Dtime%20Visiting%20Positions%20in%20Teaching%20Writing,Unknown,Rhetoric/Composition,Wiki,http://www.higheredjobs.com/faculty/details.cfm?JobCode=175710108&Title=Two%20Full%2Dtime%20Visiting%20Positions%20in%20Teaching%20Writing,Rhetoric/Composition,2443
Harvard College Writing Program - Preceptor in Expository Writing - OFFER ACCEPTED,2012,http://academicpositions.harvard.edu/postings/4338 | http://academicpositions.harvard.edu/postings/4338 | http://www.writingprogram.fas.harvard.edu/,Unknown,Rhetoric/Composition,Wiki,http://academicpositions.harvard.edu/postings/4338 | http://academicpositions.harvard.edu/postings/4338 | http://www.writingprogram.fas.harvard.edu/,Rhetoric/Composition,2443
Princeton University - Lectureships in the Princeton Writing Program - OFFER MADE,2012,http://www.princeton.edu/writing | https://jobs.princeton.edu/applicants/Central?quickFind=63081&jtsrc=www.higheredjobs.com&jtrfr=www.peopleadmin.com&adorig=PA | http://www.higheredjobs.com/faculty/details.cfm?JobCode=175692057&Title=Lecturer,Unknown,Rhetoric/Composition,Wiki,http://www.princeton.edu/writing | https://jobs.princeton.edu/applicants/Central?quickFind=63081&jtsrc=www.higheredjobs.com&jtrfr=www.peopleadmin.com&adorig=PA | http://www.higheredjobs.com/faculty/details.cfm?JobCode=175692057&Title=Lecturer,Rhetoric/Composition,2443
"University of California, Santa Barbara - Lectureships in Composition - PRIORITY DEADLINE PASSED",2012,,Unknown,Rhetoric/Composition,Wiki,,Rhetoric/Composition,2443
Milwaukee School of Engineering (WI) - Full-Time General Studies Faculty,2013,https://apply.interfolio.com/24443,Unknown,Rhetoric/Composition,Wiki,https://apply.interfolio.com/24443,Rhetoric/Composition,2443
Minot State University (ND) - English Tenure Track: Writing,2013,http://www.minotstateu.edu/hr/jobs.shtml | http://www.minotstateu.edu/hr/jobs_01.shtml | https://chroniclevitae.com/jobs/0000833613-01#sthash.WGGzxqvn.dpuf,Unknown,Rhetoric/Composition,Wiki,http://www.minotstateu.edu/hr/jobs.shtml | http://www.minotstateu.edu/hr/jobs_01.shtml | https://chroniclevitae.com/jobs/0000833613-01#sthash.WGGzxqvn.dpuf,Rhetoric/Composition,2443
University of Maryland University College Europe - Full-Time Collegiate Faculty Teaching Opportunities in Asia and Europe,2013,http://www.asia.umuc.edu/employment/faculty.cfm | http://www.ed.umuc.edu/undergrad/teach/index.html | mailto:svp-overseas@umuc.edu | http://www.higheredjobs.com/faculty/details.cfm?JobCode=175847837&Title=Full%2DTime%20Collegiate%20Faculty%20Teaching%20Opportunities%20in%20Asia%20and%20Europe,Unknown,Rhetoric/Composition,Wiki,http://www.asia.umuc.edu/employment/faculty.cfm | http://www.ed.umuc.edu/undergrad/teach/index.html | mailto:svp-overseas@umuc.edu | http://www.higheredjobs.com/faculty/details.cfm?JobCode=175847837&Title=Full%2DTime%20Collegiate%20Faculty%20Teaching%20Opportunities%20in%20Asia%20and%20Europe,Rhetoric/Composition,2443
American University of Sharjah (United Arab Emirates) - Faculty Positions in Dept. of Writing Studies,2013,http://www.higheredjobs.com/faculty/details.cfm?JobCode=175824314&Title=Faculty%20Position%20in%20the%20Department%20of%20Writing%20Studies,Unknown,Rhetoric/Composition,Wiki,http://www.higheredjobs.com/faculty/details.cfm?JobCode=175824314&Title=Faculty%20Position%20in%20the%20Department%20of%20Writing%20Studies,Rhetoric/Composition,2443
Carilion Clinic / Jefferson College of Health Sciences - Full-Time Faculty Position in English,2013,http://www.Click2Apply.net/pfgzvqw | https://apply.interfolio.com/23803,Unknown,Rhetoric/Composition,Wiki,http://www.Click2Apply.net/pfgzvqw | https://apply.interfolio.com/23803,Rhetoric/Composition,2443
Quest University Canada - Rhetoric Coordinator - PHONE INTERVIEW SCHEDULED,2013,mailto:rhetoric@questu.ca | https://www.h-net.org/jobs/job_display.php?id=47912,Unknown,Rhetoric/Composition,Wiki,mailto:rhetoric@questu.ca | https://www.h-net.org/jobs/job_display.php?id=47912,Rhetoric/Composition,2443
Indiana University of Pennsylvania (PA) - Composition and Assessment - CAMPUS VISIT STAGE,2015,https://iup.peopleadmin.com/postings/1679 | http://www.iup.edu/page.aspx?id=184502 | http://www.iup.edu/page.aspx?id=184502 | http://www.iup.edu/employment,Unknown,Rhetoric/Composition,Wiki,https://iup.peopleadmin.com/postings/1679 | http://www.iup.edu/page.aspx?id=184502 | http://www.iup.edu/page.aspx?id=184502 | http://www.iup.edu/employment,Rhetoric/Composition,2443
New York University (NY) - Full-Time Faculty - Liberal Studies (Writing Studies) - Non-TT,2015,http://www.nyu.edu/projects/mediamosaic/1516LSJobs/,Unknown,Rhetoric/Composition,Wiki,http://www.nyu.edu/projects/mediamosaic/1516LSJobs/,Rhetoric/Composition,2443
Old Dominion University (VA) - Open Rank - Writing Studies,2015,https://www.higheredjobs.com/faculty/details.cfm?JobCode=176137427&Title=Writing%20Studies%20%E2%80%93%20Open%20Rank,Unknown,Rhetoric/Composition,Wiki,https://www.higheredjobs.com/faculty/details.cfm?JobCode=176137427&Title=Writing%20Studies%20%E2%80%93%20Open%20Rank,Rhetoric/Composition,2443
University of Connecticut (CT) - Aetna Chair of Writing,2015,http://www.english.uconn.edu/ | https://academicjobsonline.org/ajo/jobs/6004,Unknown,Rhetoric/Composition,Wiki,http://www.english.uconn.edu/ | https://academicjobsonline.org/ajo/jobs/6004,Rhetoric/Composition,2443
University of Prince Edward Island (CAN) - Specialist in Professional/Technical Writing and Digital Rhetorics/Humanities - POSITION FILLED,2015,mailto:gdoran@upei.ca | http://accute.ca/2015/06/18/job-specialist-in-professionaltechnical-writing-and-digital-rhetoricshumanities-at-upei-deadline-july-17-2015/,Unknown,Rhetoric/Composition,Wiki,mailto:gdoran@upei.ca | http://accute.ca/2015/06/18/job-specialist-in-professionaltechnical-writing-and-digital-rhetoricshumanities-at-upei-deadline-july-17-2015/,Rhetoric/Composition,2443
Arizona State University (AZ) - Honors/Open Field/Open Rank (Renewable/Non TT),2015,https://barretthonors.asu.edu/academics/hon-171-human-event/,Unknown,Rhetoric/Composition,Wiki,https://barretthonors.asu.edu/academics/hon-171-human-event/,Rhetoric/Composition,2443
University of California Santa Barbara (CA) - Writing Program Lectureship in Composition (2 yr. appt. - renewable) - OFFERS ACCEPTED,2015,https://recruit.ap.ucsb.edu/apply/JPF00562 | https://www.higheredjobs.com/faculty/details.cfm?JobCode=176133541&Title=Writing%20Program%20Lectureship%20in%20Composition,Unknown,Rhetoric/Composition,Wiki,https://recruit.ap.ucsb.edu/apply/JPF00562 | https://www.higheredjobs.com/faculty/details.cfm?JobCode=176133541&Title=Writing%20Program%20Lectureship%20in%20Composition,Rhetoric/Composition,2443
Bloomsburg University (PA) - 1 yr. Position in FY Writing / Linguistics,2016,http://agency.governmentjobs.com/bloomuedu/default.cfm | https://chroniclevitae.com/jobs/0000364998-01#sthash.gANLpbaJ.dpuf,Unknown,Rhetoric/Composition,Wiki,http://agency.governmentjobs.com/bloomuedu/default.cfm | https://chroniclevitae.com/jobs/0000364998-01#sthash.gANLpbaJ.dpuf,Rhetoric/Composition,2443
Harvard University (MA) - Preceptor in Expository Writing: Introductory Writing Courses,2016,http://academicpositions.harvard.edu/postings/7307,Unknown,Rhetoric/Composition,Wiki,http://academicpositions.harvard.edu/postings/7307,Rhetoric/Composition,2443
Harvard University (MA) - Preceptor in Expository Writing: Expository 20 - CAMPUS INTERVIEW STAGE,2016,http://academicpositions.harvard.edu/postings/7306,Unknown,Rhetoric/Composition,Wiki,http://academicpositions.harvard.edu/postings/7306,Rhetoric/Composition,2443
"Oregon Institute of Technology (OR) - Composition and Technical Writing Faculty, Online",2016,http://www.oit.edu/faculty-staff/human-resources/employment/job-posting?JobID=17-66025,Unknown,Rhetoric/Composition,Wiki,http://www.oit.edu/faculty-staff/human-resources/employment/job-posting?JobID=17-66025,Rhetoric/Composition,2443
Columbia College Chicago - Emerging Poet-in-Residence,2011,https://employment.colum.edu/ | http://www.colum.edu/ | http://chronicle.com/jobs/0000668638-01,Unknown,CreativeWriting,Wiki,https://employment.colum.edu/ | http://www.colum.edu/ | http://chronicle.com/jobs/0000668638-01,CreativeWriting,1488
East Carolina University,2011,http://www.insidehighered.com/career/seekers/posts/view/150240,Unknown,CreativeWriting,Wiki,http://www.insidehighered.com/career/seekers/posts/view/150240,CreativeWriting,1488
Middlebury College,2011,,Unknown,CreativeWriting,Wiki,,CreativeWriting,1488
University of Nebraska-Lincoln,2011,http://chronicle.com/jobs/0000646774-01,Unknown,CreativeWriting,Wiki,http://chronicle.com/jobs/0000646774-01,CreativeWriting,1488
Baldwin-Wallace College,2011,http://chronicle.com/jobs/0000655763-01 | http://bw.edu/quickfacts/diversity),Unknown,CreativeWriting,Wiki,http://chronicle.com/jobs/0000655763-01 | http://bw.edu/quickfacts/diversity),CreativeWriting,1488
Fordham University (2 positions),2011,http://www.fordham.edu/writerinresidence,Unknown,CreativeWriting,Wiki,http://www.fordham.edu/writerinresidence,CreativeWriting,1488
New College of Florida,2011,,Unknown,CreativeWriting,Wiki,,CreativeWriting,1488
Northern Michigan University (Fiction),2011,http://www.higheredjobs.com/faculty/details.cfm?JobCode=175481421,Unknown,CreativeWriting,Wiki,http://www.higheredjobs.com/faculty/details.cfm?JobCode=175481421,CreativeWriting,1488
Pomona College,2011,mailto:crankine@pomona.edu,Unknown,CreativeWriting,Wiki,mailto:crankine@pomona.edu,CreativeWriting,1488
Rhode Island College,2011,https://employment.ric.edu/,Unknown,CreativeWriting,Wiki,https://employment.ric.edu/,CreativeWriting,1488
Rollins College,2011,http://chronicle.com/jobs/0000654230-01/ | https://www.rollinsjobs.com/,Unknown,CreativeWriting,Wiki,http://chronicle.com/jobs/0000654230-01/ | https://www.rollinsjobs.com/,CreativeWriting,1488
Saint Lawrence University (NY),2011,,Unknown,CreativeWriting,Wiki,,CreativeWriting,1488
Texas State University-San Marcos,2011,http://facultyrecords.provost.txstate.edu/faculty-employment/faculty-employment/2011-12.htm,Unknown,CreativeWriting,Wiki,http://facultyrecords.provost.txstate.edu/faculty-employment/faculty-employment/2011-12.htm,CreativeWriting,1488
"University of Cincinnati (Open Rank, Fiction)",2011,https://www.jobsatuc.com/applicants/jsp/shared/frameset/Frameset.jsp?time=1283787081552,Unknown,CreativeWriting,Wiki,https://www.jobsatuc.com/applicants/jsp/shared/frameset/Frameset.jsp?time=1283787081552,CreativeWriting,1488
University of Mississippi,2011,https://jobs.olemiss.edu/applicants/jsp/shared/frameset/Frameset.jsp?time=1285256310409 | http://www.olemiss.edu/depts/english/mfa | mailto:bafennel@olemiss.edu,Unknown,CreativeWriting,Wiki,https://jobs.olemiss.edu/applicants/jsp/shared/frameset/Frameset.jsp?time=1285256310409 | http://www.olemiss.edu/depts/english/mfa | mailto:bafennel@olemiss.edu,CreativeWriting,1488
Western Kentucky University,2011,mailto:david.j.bell@wku.edu,Unknown,CreativeWriting,Wiki,mailto:david.j.bell@wku.edu,CreativeWriting,1488
Allegheny College,2011,,Unknown,CreativeWriting,Wiki,,CreativeWriting,1488
"Antioch University, Los Angeles",2011,http://www.antiochla.edu/media/employment/MFA_Core_Faculty_CNF_Annc.pdf,Unknown,CreativeWriting,Wiki,http://www.antiochla.edu/media/employment/MFA_Core_Faculty_CNF_Annc.pdf,CreativeWriting,1488
Northern Michigan University (Nonfiction),2011,http://www.higheredjobs.com/faculty/details.cfm?JobCode=175481430,Unknown,CreativeWriting,Wiki,http://www.higheredjobs.com/faculty/details.cfm?JobCode=175481430,CreativeWriting,1488
Old Dominion University,2011,http://www.higheredjobs.com/faculty/details.cfm?JobCode=175474708,Unknown,CreativeWriting,Wiki,http://www.higheredjobs.com/faculty/details.cfm?JobCode=175474708,CreativeWriting,1488
University of Louisville,2011,http://www.louisville.edu/jobs | mailto:sbgonz01@louisville.edu,Unknown,CreativeWriting,Wiki,http://www.louisville.edu/jobs | mailto:sbgonz01@louisville.edu,CreativeWriting,1488
Utica College,2011,http://www.higheredjobs.com/faculty/details.cfm?JobCode=175478588 | http://www.utica.edu/finance/hr/jobs.cfm?action=details&id=1491,Unknown,CreativeWriting,Wiki,http://www.higheredjobs.com/faculty/details.cfm?JobCode=175478588 | http://www.utica.edu/finance/hr/jobs.cfm?action=details&id=1491,CreativeWriting,1488
Deakin University (Australia),2011,https://www.deakin.edu.au/jobs | http://chronicle.com/jobs/0000652542-01/ | https://www.deakin.edu.au/jobs,Unknown,CreativeWriting,Wiki,https://www.deakin.edu.au/jobs | http://chronicle.com/jobs/0000652542-01/ | https://www.deakin.edu.au/jobs,CreativeWriting,1488
Gettysburg College,2011,http://www.higheredjobs.com/faculty/details.cfm?JobCode=175480239,Unknown,CreativeWriting,Wiki,http://www.higheredjobs.com/faculty/details.cfm?JobCode=175480239,CreativeWriting,1488
Gilman School,2011,,Unknown,CreativeWriting,Wiki,,CreativeWriting,1488
Grand Valley State University,2011,https://www.gvsujobs.org/applicants/jsp/shared/frameset/Frameset.jsp?time=1285595275180,Unknown,CreativeWriting,Wiki,https://www.gvsujobs.org/applicants/jsp/shared/frameset/Frameset.jsp?time=1285595275180,CreativeWriting,1488
Mercy College (NY),2011,https://jobs.mercy.edu/,Unknown,CreativeWriting,Wiki,https://jobs.mercy.edu/,CreativeWriting,1488
Otis College of Art and Design (CA),2011,http://www.otis.edu/academics/graduate_writing/index.html,Unknown,CreativeWriting,Wiki,http://www.otis.edu/academics/graduate_writing/index.html,CreativeWriting,1488
Rutgers-Newark University,2011,,Unknown,CreativeWriting,Wiki,,CreativeWriting,1488
POETRY JOB OFFERS,2011,http://submitit.blogspot.com/2011/04/missions-accomplished.html,Unknown,CreativeWriting,Wiki,http://submitit.blogspot.com/2011/04/missions-accomplished.html,CreativeWriting,1488
NONFICTION JOB OFFERS,2011,,Unknown,CreativeWriting,Wiki,,CreativeWriting,1488
OPEN JOB OFFERS,2011,,Unknown,CreativeWriting,Wiki,,CreativeWriting,1488
Campus Visits / Poetry,2011,,Unknown,CreativeWriting,Wiki,,CreativeWriting,1488
Campus Visits - Fiction,2011,,Unknown,CreativeWriting,Wiki,,CreativeWriting,1488
Campus Visits - Non-Fiction,2011,,Unknown,CreativeWriting,Wiki,,CreativeWriting,1488
Campus Visits - Open,2011,,Unknown,CreativeWriting,Wiki,,CreativeWriting,1488
AWP Interviews/Poetry,2011,,Unknown,CreativeWriting,Wiki,,CreativeWriting,1488
AWP Interviews - Fiction,2011,,Unknown,CreativeWriting,Wiki,,CreativeWriting,1488
AWP Interviews - Non-Fiction,2011,,Unknown,CreativeWriting,Wiki,,CreativeWriting,1488
SCHOOLS THAT HAVE SCHEDULED INTERVIEWS (MLA / Phone),2011,,Unknown,CreativeWriting,Wiki,,CreativeWriting,1488
Publications,2011,,Unknown,CreativeWriting,Wiki,,CreativeWriting,1488
Question About Having Two MFAs:,2011,,Unknown,CreativeWriting,Wiki,,CreativeWriting,1488
Who Would Win????,2011,http://www.helonhabila.com/About.html,Unknown,CreativeWriting,Wiki,http://www.helonhabila.com/About.html,CreativeWriting,1488
SUGGESTIONS,2011,https://www.wikia.org/ | https://www.wikia.org/do-not-sell-my-info | https://www.wikia.org/do-not-sell-my-info,Unknown,CreativeWriting,Wiki,https://www.wikia.org/ | https://www.wikia.org/do-not-sell-my-info | https://www.wikia.org/do-not-sell-my-info,CreativeWriting,1488
Asbury University (KY) - Fiction & American Lit,2012,,Unknown,CreativeWriting,Wiki,,CreativeWriting,1488
"Brooklyn College, CUNY - OFFER MADE",2012,https://home.cunyfirst.cuny.edu/psp/cnyepprd/GUEST/HRMS/c/HRS_HRAM.HRS_CE.GBL?jtsrc=http%3A%2F%2Fwww%2Einsidehighered%2Ecom%2Fcareer%2Fseekers&jtsrcid=3864&jtrfr=http%3A%2F%2Fwww%2Einsidehighered%2Ecom%2Fcareer%2Fseekers%2Fposts%2Fview%2F239176 | mailto:BCjobs@brooklyn.cuny.edu | http://www.insidehighered.com/career/seekers/posts/view/239176,Unknown,CreativeWriting,Wiki,https://home.cunyfirst.cuny.edu/psp/cnyepprd/GUEST/HRMS/c/HRS_HRAM.HRS_CE.GBL?jtsrc=http%3A%2F%2Fwww%2Einsidehighered%2Ecom%2Fcareer%2Fseekers&jtsrcid=3864&jtrfr=http%3A%2F%2Fwww%2Einsidehighered%2Ecom%2Fcareer%2Fseekers%2Fposts%2Fview%2F239176 | mailto:BCjobs@brooklyn.cuny.edu | http://www.insidehighered.com/career/seekers/posts/view/239176,CreativeWriting,1488
Evergreen College (WA) - Fiction,2012,http://fir.evergreen.edu/facultyemployment/facultyhiring/appform.php?position=Creative%20Writing2012,Unknown,CreativeWriting,Wiki,http://fir.evergreen.edu/facultyemployment/facultyhiring/appform.php?position=Creative%20Writing2012,CreativeWriting,1488
Rhode Island College - OFFER ACCEPTED,2012,https://employment.ric.edu/,Unknown,CreativeWriting,Wiki,https://employment.ric.edu/,CreativeWriting,1488
University of Southern Mississippi (Fiction Writer) - POSITION FILLED,2012,http://www.usm.edu/employment‑hr/,Unknown,CreativeWriting,Wiki,http://www.usm.edu/employment‑hr/,CreativeWriting,1488
University of Utah - CAMPUS INTERVIEW SCHEDULED,2012,http://utah.peopleadmin.com/postings/9665,Unknown,CreativeWriting,Wiki,http://utah.peopleadmin.com/postings/9665,CreativeWriting,1488
Warren Wilson College (NC) - CAMPUS INTERVIEW SCHEDULED,2012,http://chronicle.com/jobs/0000693960-01/,Unknown,CreativeWriting,Wiki,http://chronicle.com/jobs/0000693960-01/,CreativeWriting,1488
West Chester University (PA) - Fiction - CAMPUS INTERVIEW SCHEDULED,2012,http://www.higheredjobs.com/faculty/details.cfm?JobCode=175562630&Title=Tenure%2DTrack%20Assistant%20Professor%20of%20English%20%2D%20Creative%20Writing%2FFiction%20Specialist,Unknown,CreativeWriting,Wiki,http://www.higheredjobs.com/faculty/details.cfm?JobCode=175562630&Title=Tenure%2DTrack%20Assistant%20Professor%20of%20English%20%2D%20Creative%20Writing%2FFiction%20Specialist,CreativeWriting,1488
University of Missouri‑St. Louis - OFFER ACCEPTED,2012,,Unknown,CreativeWriting,Wiki,,CreativeWriting,1488
University of Southern Mississippi (Poet) - OFFER MADE & ACCEPTED,2012,http://www.usm.edu/employment‑hr/,Unknown,CreativeWriting,Wiki,http://www.usm.edu/employment‑hr/,CreativeWriting,1488
Bennington College - Two Positions in Literature - FULL-TIME POSITION ACCEPTED,2012,http://www.higheredjobs.com/faculty/details.cfm?JobCode=175567548&Title=Literature%20Faculty,Unknown,CreativeWriting,Wiki,http://www.higheredjobs.com/faculty/details.cfm?JobCode=175567548&Title=Literature%20Faculty,CreativeWriting,1488
Georgia College and State University (Fiction / Non-Fiction) - OFFER ACCEPTED,2012,https://www.gcsujobs.com/applicants/Central?quickFind=52496&jtsrc=www.higheredjobs.com&jtrfr=www.peopleadmin.com&adorig=PA,Unknown,CreativeWriting,Wiki,https://www.gcsujobs.com/applicants/Central?quickFind=52496&jtsrc=www.higheredjobs.com&jtrfr=www.peopleadmin.com&adorig=PA,CreativeWriting,1488
John Brown University (AR) - OFFER ACCEPTED,2012,,Unknown,CreativeWriting,Wiki,,CreativeWriting,1488
"Siena College, NY - Fiction/Non-Fiction - OFFER MADE",2012,http://interfolio.com/universities/partners/SienaAPWriting.cfm | http://chronicle.com/jobs/0000691753-01/,Unknown,CreativeWriting,Wiki,http://interfolio.com/universities/partners/SienaAPWriting.cfm | http://chronicle.com/jobs/0000691753-01/,CreativeWriting,1488
Texas A&M University-Central Texas - CANCELLED,2012,https://www.tamuctjobs.com/ | http://www.higheredjobs.com/faculty/details.cfm?JobCode=175605262&Title=Assistant%20Professor%20of%20English,Unknown,CreativeWriting,Wiki,https://www.tamuctjobs.com/ | http://www.higheredjobs.com/faculty/details.cfm?JobCode=175605262&Title=Assistant%20Professor%20of%20English,CreativeWriting,1488
Utah State University - Creative Writing + English Teaching - CAMPUS INTERVIEW SCHEDULED,2012,https://jobs.usu.edu/,Unknown,CreativeWriting,Wiki,https://jobs.usu.edu/,CreativeWriting,1488
"University of Illinois, Champaign-Urbana",2011,https://jobs.illinois.edu/default.cfm?page=job&jobID=3239,Unknown,Children%27s,Wiki,https://jobs.illinois.edu/default.cfm?page=job&jobID=3239,Children%27s,112
University of Northern Colorado,2011,http://www.higheredjobs.com/faculty/details.cfm?JobCode=175482936,Unknown,Children%27s,Wiki,http://www.higheredjobs.com/faculty/details.cfm?JobCode=175482936,Children%27s,112
Washburn University (KS),2011,http://www.higheredjobs.com/faculty/details.cfm?JobCode=175479993,Unknown,Children%27s,Wiki,http://www.higheredjobs.com/faculty/details.cfm?JobCode=175479993,Children%27s,112
Aichi University (Japan),2011,http://www.higheredjobs.com/faculty/details.cfm?JobCode=175453406,Unknown,Generalist,Wiki,http://www.higheredjobs.com/faculty/details.cfm?JobCode=175453406,Generalist,816
Claremont McKenna College,2011,https://webapps.cmc.edu/jobs/staff/staff_opening_detail.php?PostingID=M935,Unknown,Generalist,Wiki,https://webapps.cmc.edu/jobs/staff/staff_opening_detail.php?PostingID=M935,Generalist,816
"Grant MacEwan University (Alberta, Canada)",2011,http://www.macewan.ca/web/services/hr/jobs/detailspage.cfm?id=12358&MenuOption=0&Line=16,Unknown,Generalist,Wiki,http://www.macewan.ca/web/services/hr/jobs/detailspage.cfm?id=12358&MenuOption=0&Line=16,Generalist,816
Koç University (Istanbul),2011,http://chronicle.com/jobs/0000660023-01 | http://www.ku.edu.tr/ku/index.php?option=com_content&task=view&id=4571&Itemid=3726,Unknown,Generalist,Wiki,http://chronicle.com/jobs/0000660023-01 | http://www.ku.edu.tr/ku/index.php?option=com_content&task=view&id=4571&Itemid=3726,Generalist,816
Luther College (IA),2011,http://www.luther.edu/academics/dean/openings/,Unknown,Generalist,Wiki,http://www.luther.edu/academics/dean/openings/,Generalist,816
Mars Hill College,2011,http://chronicle.com/jobs/0000660495-01,Unknown,Generalist,Wiki,http://chronicle.com/jobs/0000660495-01,Generalist,816
Meredith College (NC),2011,,Unknown,Generalist,Wiki,,Generalist,816
Trinity International University (Illinois),2011,http://chronicle.com/jobs/0000643139-01,Unknown,Generalist,Wiki,http://chronicle.com/jobs/0000643139-01,Generalist,816
Wartburg College (IA),2011,http://chronicle.com/jobs/0000652289-01/,Unknown,Generalist,Wiki,http://chronicle.com/jobs/0000652289-01/,Generalist,816
Azusa Pacific University - 2 full-time faculty positions - MLA INTERVIEW SCHEDULED,2012,http://www.apu.edu/provost/employment/positions/ | http://www.apu.edu/provost/employment/positions/17876/,Unknown,Generalist,Wiki,http://www.apu.edu/provost/employment/positions/ | http://www.apu.edu/provost/employment/positions/17876/,Generalist,816
"Bard College - MAT Program (Delano, California) - SKYPE INTERVIEWS SCHEDULED",2012,http://www.bard.edu/mat/ | http://chronicle.com/jobs/0000705478-01/,Unknown,Generalist,Wiki,http://www.bard.edu/mat/ | http://chronicle.com/jobs/0000705478-01/,Generalist,816
"Brigham Young - Open Rank, Open Area",2012,,Unknown,Generalist,Wiki,,Generalist,816
Franklin College (IN) - Creative Writing + Modern World Lit - OFFER ACCEPTED,2012,,Unknown,Generalist,Wiki,,Generalist,816
Lourdes University (OH),2012,mailto:resume@lourdes.edu | http://chronicle.com/jobs/0000702994-01/,Unknown,Generalist,Wiki,mailto:resume@lourdes.edu | http://chronicle.com/jobs/0000702994-01/,Generalist,816
Manor College (PA),2012,,Unknown,Generalist,Wiki,,Generalist,816
Notre Dame of Maryland University - tenure-track Assistant - POSITION FILLED,2012,,Unknown,Generalist,Wiki,,Generalist,816
Concordia University-Portland - Full-Time English Faculty,2014,http://www.higheredjobs.com/faculty/details.cfm?JobCode=175851588&Title=English,Unknown,Generalist,Wiki,http://www.higheredjobs.com/faculty/details.cfm?JobCode=175851588&Title=English,Generalist,816
Milwaukee School of Engineering (WI) - Full-Time General Studies Faculty,2014,https://apply.interfolio.com/24443,Unknown,Generalist,Wiki,https://apply.interfolio.com/24443,Generalist,816
Texas A&M International University - Assistant Professional in English (Non-TT),2014,http://www.higheredjobs.com/faculty/details.cfm?JobCode=175839313&Title=Assistant%20Professional%20in%20English,Unknown,Generalist,Wiki,http://www.higheredjobs.com/faculty/details.cfm?JobCode=175839313&Title=Assistant%20Professional%20in%20English,Generalist,816
"Bilkent University (Turkey) - Open Rank, Program in Cultures, Civilizations and Ideas - MLA / SKYPE INTERVIEWS SCHEDULED",2014,http://www.bilkent.edu.tr/%7Ecci/CCI/Home.html | mailto:jobsearch.cci@gmail.com | mailto:lbarry@bilkent.edu.tr | https://apply.interfolio.com/22716,Unknown,Generalist,Wiki,http://www.bilkent.edu.tr/%7Ecci/CCI/Home.html | mailto:jobsearch.cci@gmail.com | mailto:lbarry@bilkent.edu.tr | https://apply.interfolio.com/22716,Generalist,816
Dordt College (IA) - English Generalist,2014,http://dordt.edu/prospective_employees/faculty/ | https://apply.interfolio.com/23653,Unknown,Generalist,Wiki,http://dordt.edu/prospective_employees/faculty/ | https://apply.interfolio.com/23653,Generalist,816
Quest University Canada (BC) - Humanities Full-Time Faculty Position - Contemporary Cultural Life,2014,mailto:humfaculty@questu.ca | http://www.questu.ca/employment/faculty_openings/contemporary_cultural_life.php | https://www.h-net.org/jobs/job_display.php?id=48097,Unknown,Generalist,Wiki,mailto:humfaculty@questu.ca | http://www.questu.ca/employment/faculty_openings/contemporary_cultural_life.php | https://www.h-net.org/jobs/job_display.php?id=48097,Generalist,816
Spartanburg Methodist College (SC) - TT/Full-Time English/British Literature Faculty (pref. Early British),2015,http://www.smcsc.edu/employment-opportunities/mathematics-economics-english/ | https://chroniclevitae.com/jobs/0000858946-01,Unknown,Generalist,Wiki,http://www.smcsc.edu/employment-opportunities/mathematics-economics-english/ | https://chroniclevitae.com/jobs/0000858946-01,Generalist,816
Brigham Young University-Hawaii (HI) - Open Rank Position in English,2015,https://apply.interfolio.com/26799,Unknown,Generalist,Wiki,https://apply.interfolio.com/26799,Generalist,816
Grove City College (PA) - Full-Time Writing Faculty (3 Positions) - CAMPUS INTERVIEWS SCHEDULED,2015,http://www.gcc.edu/about/whoweare/Pages/Mission.aspx | https://apply.interfolio.com/28009,Unknown,Generalist,Wiki,http://www.gcc.edu/about/whoweare/Pages/Mission.aspx | https://apply.interfolio.com/28009,Generalist,816
Mount Aloysius College (PA) - Full-Time English Faculty (Generalist) - CAMPUS INTERVIEW SCHEDULED,2015,http://www.mtaloy.edu/jobs/ | https://apply.interfolio.com/27929,Unknown,Generalist,Wiki,http://www.mtaloy.edu/jobs/ | https://apply.interfolio.com/27929,Generalist,816
Sacred Heart University (CT) - Full-Time English Faculty - POSITION DELETED,2015,mailto:info.english@sacredheart.edu | http://www.higheredjobs.com/faculty/details.cfm?JobCode=175947180&Title=English%20Faculty,Unknown,Generalist,Wiki,mailto:info.english@sacredheart.edu | http://www.higheredjobs.com/faculty/details.cfm?JobCode=175947180&Title=English%20Faculty,Generalist,816
Thomas University (GA) - Full-Time English Faculty (Generalist),2015,mailto:dcamon@thomasu.edu | https://www.formstack.com/forms/?551823-8zkgATfWbB | http://www.higheredjobs.com/faculty/details.cfm?JobCode=175974155&Title=Faculty%20Position%20in%20English,Unknown,Generalist,Wiki,mailto:dcamon@thomasu.edu | https://www.formstack.com/forms/?551823-8zkgATfWbB | http://www.higheredjobs.com/faculty/details.cfm?JobCode=175974155&Title=Faculty%20Position%20in%20English,Generalist,816
"University of California Santa Barbara (CA) - Full-Time LSOE or LPSOE, College of Creative Studies and the Writing Program of the College of Letters and Science - SKYPE INTERVIEWS SCHEDULED",2015,https://recruit.ap.ucsb.edu/apply/JPF00406 | https://ccs.ucsb.edu/news-and-events/news/new-writing-and-literature-faculty-position | https://chroniclevitae.com/jobs/0000857917-01,Unknown,Generalist,Wiki,https://recruit.ap.ucsb.edu/apply/JPF00406 | https://ccs.ucsb.edu/news-and-events/news/new-writing-and-literature-faculty-position | https://chroniclevitae.com/jobs/0000857917-01,Generalist,816
West Virginia University (WV) - Open Field Endowed Chair of English,2015,https://chroniclevitae.com/jobs/0000841089-01#sthash.dDG26bfB.dpuf,Unknown,Generalist,Wiki,https://chroniclevitae.com/jobs/0000841089-01#sthash.dDG26bfB.dpuf,Generalist,816
"Bilkent University (TURKEY) - Open Rank - Cultures, Civilizations & Ideas (Multiple Positions) - MLA INTERVIEW STAGE",2016,https://apply.interfolio.com/31928,Unknown,Generalist,Wiki,https://apply.interfolio.com/31928,Generalist,816
Brigham Young University (UT) - Continuing Status Faculty Positions in English,2016,https://apply.interfolio.com/31248,Unknown,Generalist,Wiki,https://apply.interfolio.com/31248,Generalist,816
New York University (NY) - Full-Time Faculty - Liberal Studies (Writing Studies),2016,http://www.nyu.edu/projects/mediamosaic/1516LSJobs/,Unknown,Generalist,Wiki,http://www.nyu.edu/projects/mediamosaic/1516LSJobs/,Generalist,816
Becker College (MA) - Full-Time Humanities Faculty Position (incl. Literature and Creative Writing),2017,http://www.huffingtonpost.com/robert-e-johnson/the-university-class-of-2_b_9704960.html | https://www.higheredjobs.com/faculty/details.cfm?JobCode=176335218&Title=FACULTY%20POSITION%20-Humanities%20Division,Unknown,Generalist,Wiki,http://www.huffingtonpost.com/robert-e-johnson/the-university-class-of-2_b_9704960.html | https://www.higheredjobs.com/faculty/details.cfm?JobCode=176335218&Title=FACULTY%20POSITION%20-Humanities%20Division,Generalist,816
Northwestern University in Qatar (NU-Q) - Two Faculty Positions in Composition and Literature - MLA INTERVIEW STAGE,2017,https://www.h-net.org/jobs/job_display.php?id=53884,Unknown,Generalist,Wiki,https://www.h-net.org/jobs/job_display.php?id=53884,Generalist,816
West Virginia University at Parkersburg (WV) - Two Faculty Positions in English,2017,https://www.higheredjobs.com/faculty/details.cfm?JobCode=176417299&Title=English%20Faculty%20%282%20positions%29%2016-031%20%26%2017-012 | http://www.wvup.edu/about/humanresources/ | https://www.higheredjobs.com/faculty/details.cfm?JobCode=176363091&Title=English%20Faculty%20%282%20positions%29%2016-031%20%26%2017-012,Unknown,Generalist,Wiki,https://www.higheredjobs.com/faculty/details.cfm?JobCode=176417299&Title=English%20Faculty%20%282%20positions%29%2016-031%20%26%2017-012 | http://www.wvup.edu/about/humanresources/ | https://www.higheredjobs.com/faculty/details.cfm?JobCode=176363091&Title=English%20Faculty%20%282%20positions%29%2016-031%20%26%2017-012,Generalist,816
Minerva Schools at Keck Graduate Inst. (CA) - Faculty - Humanities: Literature - MLA INTERVIEW STAGE,2017,https://apply.interfolio.com/39637,Unknown,Generalist,Wiki,https://apply.interfolio.com/39637,Generalist,816
Armstrong Atlantic SU,2011,,Unknown,"Drama, Speech, Film %26 New Media",Wiki,,"Drama, Speech, Film %26 New Media",13
Columbia University,2011,,Unknown,"Drama, Speech, Film %26 New Media",Wiki,,"Drama, Speech, Film %26 New Media",13
Franklin College,2011,,Unknown,"Drama, Speech, Film %26 New Media",Wiki,,"Drama, Speech, Film %26 New Media",13
"Hunter College, CUNY",2011,,Unknown,"Drama, Speech, Film %26 New Media",Wiki,,"Drama, Speech, Film %26 New Media",13
Lander University,2011,,Unknown,"Drama, Speech, Film %26 New Media",Wiki,,"Drama, Speech, Film %26 New Media",13
Louisville,2011,,Unknown,"Drama, Speech, Film %26 New Media",Wiki,,"Drama, Speech, Film %26 New Media",13
Marygrove College,2011,,Unknown,"Drama, Speech, Film %26 New Media",Wiki,,"Drama, Speech, Film %26 New Media",13
Michigan State,2011,,Unknown,"Drama, Speech, Film %26 New Media",Wiki,,"Drama, Speech, Film %26 New Media",13
Notre Dame,2011,,Unknown,"Drama, Speech, Film %26 New Media",Wiki,,"Drama, Speech, Film %26 New Media",13
Oakland University,2011,,Unknown,"Drama, Speech, Film %26 New Media",Wiki,,"Drama, Speech, Film %26 New Media",13
Salem State College (MA),2011,,Unknown,"Drama, Speech, Film %26 New Media",Wiki,,"Drama, Speech, Film %26 New Media",13
Villa Julie College,2011,,Unknown,"Drama, Speech, Film %26 New Media",Wiki,,"Drama, Speech, Film %26 New Media",13
Wofford College,2011,https://www.wikia.org/ | https://www.wikia.org/do-not-sell-my-info | https://www.wikia.org/do-not-sell-my-info,Unknown,"Drama, Speech, Film %26 New Media",Wiki,https://www.wikia.org/ | https://www.wikia.org/do-not-sell-my-info | https://www.wikia.org/do-not-sell-my-info,"Drama, Speech, Film %26 New Media",13
Arizona State University (Barrett Honors College),2011,https://exchange.asu.edu/exchweb/bin/redir.asp?URL=http://www.eoaa.asu.edu/jobop/jobop.asp,Unknown,Environmental,Wiki,https://exchange.asu.edu/exchweb/bin/redir.asp?URL=http://www.eoaa.asu.edu/jobop/jobop.asp,Environmental,5
Hendrix College (AR),2011,,Unknown,Environmental,Wiki,,Environmental,5
University of Arizona,2011,http://www.uacareertrack.com/,Unknown,Environmental,Wiki,http://www.uacareertrack.com/,Environmental,5
Colorado College (CO),2011,http://www.acm.edu/our_collaborations/ACM_Mellon_Postdoctoral_Fellowships_Program/Fellowships_Available_for_2010_2012/Colorado_College.html,Unknown,Comparative,Wiki,http://www.acm.edu/our_collaborations/ACM_Mellon_Postdoctoral_Fellowships_Program/Fellowships_Available_for_2010_2012/Colorado_College.html,Comparative,124
NYU (Liberal Studies - Global History),2011,http://www.nyu.edu/projects/mediamosaic/1011LSJobs/Core.html,Unknown,Comparative,Wiki,http://www.nyu.edu/projects/mediamosaic/1011LSJobs/Core.html,Comparative,124
NYU (Classical/Ancient),2011,,Unknown,Comparative,Wiki,,Comparative,124
Northwestern University,2011,,Unknown,Comparative,Wiki,,Comparative,124
Princeton University,2011,https://jobs.princeton.edu/ | http://www.higheredjobs.com/faculty/details.cfm?JobCode=175484308,Unknown,Comparative,Wiki,https://jobs.princeton.edu/ | http://www.higheredjobs.com/faculty/details.cfm?JobCode=175484308,Comparative,124
United States Naval Academy,2011,,Unknown,Comparative,Wiki,,Comparative,124
University of Southern Indiana,2011,http://www.higheredjobs.com/faculty/details.cfm?JobCode=175469874,Unknown,Comparative,Wiki,http://www.higheredjobs.com/faculty/details.cfm?JobCode=175469874,Comparative,124
The University of York (High Medieval),2011,https://www22.i-grasp.com/fe/tpl_YorkUni01.asp?newms=jj&id=42311,Unknown,Comparative,Wiki,https://www22.i-grasp.com/fe/tpl_YorkUni01.asp?newms=jj&id=42311,Comparative,124
The University of York (Medieval Latin and Other Lits),2011,https://www22.i-grasp.com/fe/tpl_YorkUni01.asp?newms=jj&id=42310,Unknown,Comparative,Wiki,https://www22.i-grasp.com/fe/tpl_YorkUni01.asp?newms=jj&id=42310,Comparative,124
"Arizona State University, Barrett Honors College",2012,http://chronicle.com/jobs/0000711869-01 | http://barretthonors.asu.edu/2012/01/lecturer-barrett-honors-college/,Unknown,Comparative,Wiki,http://chronicle.com/jobs/0000711869-01 | http://barretthonors.asu.edu/2012/01/lecturer-barrett-honors-college/,Comparative,124
"Harvard - Open Rank, Classical and Modern Jewish and Hebrew Literature",2012,mailto:wanda_dibernardo@harvard.edu,Unknown,Comparative,Wiki,mailto:wanda_dibernardo@harvard.edu,Comparative,124
"University of Chicago - Comparatist in Poetry and Poetics, Open Rank - OFFER MADE & DECLINED",2012,http://chronicle.com/jobs/0000696622-01/,Unknown,Comparative,Wiki,http://chronicle.com/jobs/0000696622-01/,Comparative,124
University of Guam - Comparative Literature - PHONE INTERVIEW SCHEDULED,2012,http://www.visitguam.org/main | http://www.higheredjobs.com/faculty/details.cfm?JobCode=175587838&Title=Assistant%20Professor%20to%20Associate%20Professor%20%28Comparative%20Literature%20Specialist%29,Unknown,Comparative,Wiki,http://www.visitguam.org/main | http://www.higheredjobs.com/faculty/details.cfm?JobCode=175587838&Title=Assistant%20Professor%20to%20Associate%20Professor%20%28Comparative%20Literature%20Specialist%29,Comparative,124
University of Warwick (UK)- Modern & Contemporary World Lit.,2012,http://www.warwick.ac.uk/jobs | http://www.warwick.ac.uk/jobs,Unknown,Comparative,Wiki,http://www.warwick.ac.uk/jobs | http://www.warwick.ac.uk/jobs,Comparative,124
Arizona State University (AZ) - Honors/Open Rank/Open Field - CAMPUS VISIT SCHEDULED,2016,https://barretthonors.asu.edu/academics/hon-171-human-event/,Unknown,Comparative,Wiki,https://barretthonors.asu.edu/academics/hon-171-human-event/,Comparative,124
Columbia University (NY) - Leonard B. Kaye Chair in Hebrew and Comparative Literature,2016,http://academicjobs.columbia.edu/applicants/Central?quickFind=61418,Unknown,Comparative,Wiki,http://academicjobs.columbia.edu/applicants/Central?quickFind=61418,Comparative,124
Arizona State University,2011,http://chronicle.com/jobs/0000651634-01/,Unknown,TESOL/Applied Linguistics,Wiki,http://chronicle.com/jobs/0000651634-01/,TESOL/Applied Linguistics,35
Boise State University,2011,http://hrs.boisestate.edu/joblistings/faculty/AS-0010-01.shtml,Unknown,TESOL/Applied Linguistics,Wiki,http://hrs.boisestate.edu/joblistings/faculty/AS-0010-01.shtml,TESOL/Applied Linguistics,35
California State University Stanislaus,2011,,Unknown,TESOL/Applied Linguistics,Wiki,,TESOL/Applied Linguistics,35
Central Michigan University,2011,,Unknown,TESOL/Applied Linguistics,Wiki,,TESOL/Applied Linguistics,35
Dixie State College,2011,,Unknown,TESOL/Applied Linguistics,Wiki,,TESOL/Applied Linguistics,35
Eastern Kentucky University,2011,,Unknown,TESOL/Applied Linguistics,Wiki,,TESOL/Applied Linguistics,35
Eastern Michigan University,2011,http://linguistlist.org/jobs/get-jobs.cfm?JobID=80000&SubID=3321774,Unknown,TESOL/Applied Linguistics,Wiki,http://linguistlist.org/jobs/get-jobs.cfm?JobID=80000&SubID=3321774,TESOL/Applied Linguistics,35
Fairleigh Dickinson University,2011,,Unknown,TESOL/Applied Linguistics,Wiki,,TESOL/Applied Linguistics,35
Georgia State University,2011,,Unknown,TESOL/Applied Linguistics,Wiki,,TESOL/Applied Linguistics,35
Greensboro College,2011,,Unknown,TESOL/Applied Linguistics,Wiki,,TESOL/Applied Linguistics,35
Kennesaw State University,2011,,Unknown,TESOL/Applied Linguistics,Wiki,,TESOL/Applied Linguistics,35
Middle Tennessee State University,2011,http://www.higheredjobs.com/details.cfm?JobCode=175465796&utm_source=SimplyHired&utm_medium=organic&utm_campaign=SimplyHired,Unknown,TESOL/Applied Linguistics,Wiki,http://www.higheredjobs.com/details.cfm?JobCode=175465796&utm_source=SimplyHired&utm_medium=organic&utm_campaign=SimplyHired,TESOL/Applied Linguistics,35
Mississippi State University,2011,http://linguistlist.org/jobs/get-jobs.cfm?JobID=79981&SubID=2806912,Unknown,TESOL/Applied Linguistics,Wiki,http://linguistlist.org/jobs/get-jobs.cfm?JobID=79981&SubID=2806912,TESOL/Applied Linguistics,35
Mount Holyoke College,2011,,Unknown,TESOL/Applied Linguistics,Wiki,,TESOL/Applied Linguistics,35
Northern Arizona University,2011,http://www.cal.nau.edu/english/faculty/Plonsky.asp,Unknown,TESOL/Applied Linguistics,Wiki,http://www.cal.nau.edu/english/faculty/Plonsky.asp,TESOL/Applied Linguistics,35
Portland State University,2011,http://stage.pdx.edu/linguistics/tetyana-sydorenko | http://chronicle.com/jobs/0000653717-01,Unknown,TESOL/Applied Linguistics,Wiki,http://stage.pdx.edu/linguistics/tetyana-sydorenko | http://chronicle.com/jobs/0000653717-01,TESOL/Applied Linguistics,35
Shawnee State University,2011,,Unknown,TESOL/Applied Linguistics,Wiki,,TESOL/Applied Linguistics,35
UMASS-Lowell,2011,,Unknown,TESOL/Applied Linguistics,Wiki,,TESOL/Applied Linguistics,35
"University of California, Berkeley",2011,,Unknown,TESOL/Applied Linguistics,Wiki,,TESOL/Applied Linguistics,35
University of Houston,2011,,Unknown,TESOL/Applied Linguistics,Wiki,,TESOL/Applied Linguistics,35
University of Pennsylvania,2011,,Unknown,TESOL/Applied Linguistics,Wiki,,TESOL/Applied Linguistics,35
Texas A&M-Corpus Christi,2011,,Unknown,TESOL/Applied Linguistics,Wiki,,TESOL/Applied Linguistics,35
University of New Mexico,2011,,Unknown,TESOL/Applied Linguistics,Wiki,,TESOL/Applied Linguistics,35
University of North Carolina at Chapel Hill,2011,,Unknown,TESOL/Applied Linguistics,Wiki,,TESOL/Applied Linguistics,35
University of Kansas,2011,http://linguistlist.org/jobs/get-jobs.cfm?JobID=79920&SubID=2652255,Unknown,TESOL/Applied Linguistics,Wiki,http://linguistlist.org/jobs/get-jobs.cfm?JobID=79920&SubID=2652255,TESOL/Applied Linguistics,35
"University of Maryland, Baltimore County",2011,http://linguistlist.org/jobs/get-jobs.cfm?JobID=79360&SubID=2650658,Unknown,TESOL/Applied Linguistics,Wiki,http://linguistlist.org/jobs/get-jobs.cfm?JobID=79360&SubID=2650658,TESOL/Applied Linguistics,35
University of Nebraska-Lincoln,2011,http://chronicle.com/jobs/0000652827-01/,Unknown,TESOL/Applied Linguistics,Wiki,http://chronicle.com/jobs/0000652827-01/,TESOL/Applied Linguistics,35
University of San Diego,2011,,Unknown,TESOL/Applied Linguistics,Wiki,,TESOL/Applied Linguistics,35
Washington State University,2011,,Unknown,TESOL/Applied Linguistics,Wiki,,TESOL/Applied Linguistics,35
Rhet/Comp Positions and Salaries 2012-13,2012,,Unknown,Rhetoric/Composition Salaries,Wiki,,Rhetoric/Composition Salaries,2
Comments and Questions,2012,https://www.wikia.org/ | https://www.wikia.org/do-not-sell-my-info | https://www.wikia.org/do-not-sell-my-info,Unknown,Rhetoric/Composition Salaries,Wiki,https://www.wikia.org/ | https://www.wikia.org/do-not-sell-my-info | https://www.wikia.org/do-not-sell-my-info,Rhetoric/Composition Salaries,2
"Arizona State University, Barrett Honors College -- DEADLINE PASSED",2012,http://chronicle.com/jobs/0000711869-01 | http://barretthonors.asu.edu/2012/01/lecturer-barrett-honors-college/,Unknown,Queer/Women%27s/Gender Studies,Wiki,http://chronicle.com/jobs/0000711869-01 | http://barretthonors.asu.edu/2012/01/lecturer-barrett-honors-college/,Queer/Women%27s/Gender Studies,183
Harvard Divinity School - Women's Studies in Religion - Research Associate -- DEADLINE PASSED,2012,http://www.hds.harvard.edu/wsrp/events/lectures/index.htm | http://www.hds.harvard.edu/wsrp/appform/index.cfm,Unknown,Queer/Women%27s/Gender Studies,Wiki,http://www.hds.harvard.edu/wsrp/events/lectures/index.htm | http://www.hds.harvard.edu/wsrp/appform/index.cfm,Queer/Women%27s/Gender Studies,183
Lakehead University History & Women's Studies,2012,,Unknown,Queer/Women%27s/Gender Studies,Wiki,,Queer/Women%27s/Gender Studies,183
Minnesota State University-Mankato - Department of Women's and Gender Studies -- OFFER MADE AND ACCEPTED,2012,http://mnsu.edu/women/ | http://www.mnsu.edu/ | http://www.ifo.org/contract09-11/2009-2011.pdf | http://agency.governmentjobs.com/mankato/default.cfm,Unknown,Queer/Women%27s/Gender Studies,Wiki,http://mnsu.edu/women/ | http://www.mnsu.edu/ | http://www.ifo.org/contract09-11/2009-2011.pdf | http://agency.governmentjobs.com/mankato/default.cfm,Queer/Women%27s/Gender Studies,183
"Rice University - Center for the Study of Women, Gender, and Sexuality -- DEADLINE PASSED -- PHONE INTERVIEW STAGE",2012,,Unknown,Queer/Women%27s/Gender Studies,Wiki,,Queer/Women%27s/Gender Studies,183
"Rutgers University, Women's & Gender History Position, Open Rank - POSITION FILLED",2012,http://www.interfolio.com/universities/partners/RutgersHistoryWomensGender.cfm,Unknown,Queer/Women%27s/Gender Studies,Wiki,http://www.interfolio.com/universities/partners/RutgersHistoryWomensGender.cfm,Queer/Women%27s/Gender Studies,183
Stanford University - Clayman Institute for Gender Research -- DEADLINE PASSED,2012,http://chronicle.com/jobs/0000686296-01/gender.stanford.edu,Unknown,Queer/Women%27s/Gender Studies,Wiki,http://chronicle.com/jobs/0000686296-01/gender.stanford.edu,Queer/Women%27s/Gender Studies,183
Virginia Commonwealth University - POSITION FILLED,2012,http://chronicle.com/jobs/0000704086-01,Unknown,Queer/Women%27s/Gender Studies,Wiki,http://chronicle.com/jobs/0000704086-01,Queer/Women%27s/Gender Studies,183
University of Idaho (USA:ID) - American West w/women & gender studies,2015,http://apptrkr.com/597720,Unknown,Queer/Women%27s/Gender Studies,Wiki,http://apptrkr.com/597720,Queer/Women%27s/Gender Studies,183
Columbus State University (GA) - OFFER ACCEPTED,2012,http://www.ColumbusState.edu/,Unknown,Medieval,Wiki,http://www.ColumbusState.edu/,Medieval,105
Minnesota State University (Mankato) - British Lit. - Asst. Prof. - CAMPUS INTERVIEW SCHEDULED,2012,http://agency.governmentjobs.com/mankato/default.cfm | http://agency.governmentjobs.com/mankato/default.cfm?action=viewJob&jobID=395397&hit_count=yes&headerFooter=1&promo=0&transfer=0&WDDXJobSearchParams=%3CwddxPacket%20version%3D%271.0%27%3E%3Cheader%2F%3E%3Cdata%3E%3Cstruct%3E%3Cvar%20name%3D%27FIND_KEYWORD%27%3E%3Cstring%3E%3C%2Fstring%3E%3C%2Fvar%3E%3Cvar%20name%3D%27CATEGORYID%27%3E%3Cstring%3E-1%3C%2Fstring%3E%3C%2Fvar%3E%3Cvar%20name%3D%27TRANSFER%27%3E%3Cstring%3E0%3C%2Fstring%3E%3C%2Fvar%3E%3Cvar%20name%3D%27PROMOTIONALJOBS%27%3E%3Cstring%3E0%3C%2Fstring%3E%3C%2Fvar%3E%3C%2Fstruct%3E%3C%2Fdata%3E%3C%2FwddxPacket%3E,Unknown,Medieval,Wiki,http://agency.governmentjobs.com/mankato/default.cfm | http://agency.governmentjobs.com/mankato/default.cfm?action=viewJob&jobID=395397&hit_count=yes&headerFooter=1&promo=0&transfer=0&WDDXJobSearchParams=%3CwddxPacket%20version%3D%271.0%27%3E%3Cheader%2F%3E%3Cdata%3E%3Cstruct%3E%3Cvar%20name%3D%27FIND_KEYWORD%27%3E%3Cstring%3E%3C%2Fstring%3E%3C%2Fvar%3E%3Cvar%20name%3D%27CATEGORYID%27%3E%3Cstring%3E-1%3C%2Fstring%3E%3C%2Fvar%3E%3Cvar%20name%3D%27TRANSFER%27%3E%3Cstring%3E0%3C%2Fstring%3E%3C%2Fvar%3E%3Cvar%20name%3D%27PROMOTIONALJOBS%27%3E%3Cstring%3E0%3C%2Fstring%3E%3C%2Fvar%3E%3C%2Fstruct%3E%3C%2Fdata%3E%3C%2FwddxPacket%3E,Medieval,105
"Notre Dame of Maryland University - medieval, renaissance, or classic world lit. - OFFER ACCEPTED",2012,,Unknown,Medieval,Wiki,,Medieval,105
University of Mobile - British lit. before 1800,2012,,Unknown,Medieval,Wiki,,Medieval,105
University of St. Francis (IL) - pre-Renaissance English studies - SEARCH CONCLUDED,2012,http://www.stfrancis.edu/,Unknown,Medieval,Wiki,http://www.stfrancis.edu/,Medieval,105
West Virginia University - 3 positions in pre-1800 British lit.- ONE OFFER ACCEPTED,2012,http://english.wvu.edu/jobs | http://english.wvu.edu/jobs,Unknown,Medieval,Wiki,http://english.wvu.edu/jobs | http://english.wvu.edu/jobs,Medieval,105
Ajou University (South Korea),2012,http://linguistlist.org/issues/22/22-3993.html,Unknown,TESOL / Applied Linguistics,Wiki,http://linguistlist.org/issues/22/22-3993.html,TESOL / Applied Linguistics,53
American University of Sharjah (UAE),2012,http://linguistlist.org/issues/22/22-3959.html,Unknown,TESOL / Applied Linguistics,Wiki,http://linguistlist.org/issues/22/22-3959.html,TESOL / Applied Linguistics,53
Ball State University,2012,http://linguistlist.org/jobs/get-jobs.cfm?JobID=93740&SubID=4539895,Unknown,TESOL / Applied Linguistics,Wiki,http://linguistlist.org/jobs/get-jobs.cfm?JobID=93740&SubID=4539895,TESOL / Applied Linguistics,53
Central Michigan University,2012,http://www.Click2Apply.net/8sjrghx,Unknown,TESOL / Applied Linguistics,Wiki,http://www.Click2Apply.net/8sjrghx,TESOL / Applied Linguistics,53
"University of California, Los Angeles",2012,http://linguistlist.org/issues/22/22-3534.html,Unknown,TESOL / Applied Linguistics,Wiki,http://linguistlist.org/issues/22/22-3534.html,TESOL / Applied Linguistics,53
University of Pennsylvania,2012,http://www.gse.upenn.edu/faculty_research/positions,Unknown,TESOL / Applied Linguistics,Wiki,http://www.gse.upenn.edu/faculty_research/positions,TESOL / Applied Linguistics,53
Seattle University,2013,mailto:yangj@seattleu.edu,Unknown,TESOL / Applied Linguistics,Wiki,mailto:yangj@seattleu.edu,TESOL / Applied Linguistics,53
University of Texas-Pan American,2013,,Unknown,TESOL / Applied Linguistics,Wiki,,TESOL / Applied Linguistics,53
University of Texas San Antonio,2013,,Unknown,TESOL / Applied Linguistics,Wiki,,TESOL / Applied Linguistics,53
University of Southern California - CAMPUS INTERVIEWS SCHEDULED,2012,https://jobs.usc.edu/applicants/Central?quickFind=59606,Unknown,American Studies,Wiki,https://jobs.usc.edu/applicants/Central?quickFind=59606,American Studies,65
Western Kentucky University - Honors Interdisciplinary Studies,2013,,Unknown,American Studies,Wiki,,American Studies,65
Generalist and Non-National Categories,2013,https://www.wikia.org/ | https://www.wikia.org/do-not-sell-my-info | https://www.wikia.org/do-not-sell-my-info,Unknown,English Literature,Wiki,https://www.wikia.org/ | https://www.wikia.org/do-not-sell-my-info | https://www.wikia.org/do-not-sell-my-info,English Literature,1
"Carleton University - Canada Research Chair on Digital Media, Civic Culture, and Global Change (POSITION FILLED)",2013,http://www1.carleton.ca/communication | http://hastac.org/opportunities/canada-research-chair-digital-media,Unknown,New Media %26 Digital Humanities,Wiki,http://www1.carleton.ca/communication | http://hastac.org/opportunities/canada-research-chair-digital-media,New Media %26 Digital Humanities,105
University of Pittsburgh  - Asst./Assoc. Prof. Archives and Information Science [renewable NTS position (i.e. Digital Humanities; Digital Scholarship; Human Information Interaction; Book History and Print Culture; Media Archaeology)],2013,,Unknown,New Media %26 Digital Humanities,Wiki,,New Media %26 Digital Humanities,105
"British Library (London, UK) - Digital Curator",2013,https://gs10.globalsuccessor.com/fe/wrapdev_SendFile.asp?key=79496652&c=121447726898&pagestamp=secbbvyxdwgbcgrntg&index=3,Unknown,New Media %26 Digital Humanities,Wiki,https://gs10.globalsuccessor.com/fe/wrapdev_SendFile.asp?key=79496652&c=121447726898&pagestamp=secbbvyxdwgbcgrntg&index=3,New Media %26 Digital Humanities,105
Saint Louis University (Center for Digital Theology)- Senior Web Developer,2013,http://www.slu.edu/department-of-theology-home/center-for-digital-theology | http://www.slu.edu/x40345.xml | http://www.slu.edu/x27122.xml | http://www.t-pen.org/ | http://jobs.slu.edu/applicants/Central?quickFind=65031a,Unknown,New Media %26 Digital Humanities,Wiki,http://www.slu.edu/department-of-theology-home/center-for-digital-theology | http://www.slu.edu/x40345.xml | http://www.slu.edu/x27122.xml | http://www.t-pen.org/ | http://jobs.slu.edu/applicants/Central?quickFind=65031a,New Media %26 Digital Humanities,105
Stanford University - Academic Technology Specialist for Dept. of English - CAMPUS INTERVIEWS HELD,2013,https://secure.interfolio.com/apply/19799,Unknown,New Media %26 Digital Humanities,Wiki,https://secure.interfolio.com/apply/19799,New Media %26 Digital Humanities,105
University of California at Berkeley - Campus Online Education Coordinator,2013,http://atyourservice.ucop.edu/forms_pubs/misc/benefits_of_belonging.pdf | http://hastac.org/opportunities/job-uc-berkeley-campus-online-education-coordinator,Unknown,New Media %26 Digital Humanities,Wiki,http://atyourservice.ucop.edu/forms_pubs/misc/benefits_of_belonging.pdf | http://hastac.org/opportunities/job-uc-berkeley-campus-online-education-coordinator,New Media %26 Digital Humanities,105
Five Colleges of Ohio - Mellon Digital Scholar,2013,http://www.ohio5.org/ | http://www.kenyon.edu/x19320.xml,Unknown,New Media %26 Digital Humanities,Wiki,http://www.ohio5.org/ | http://www.kenyon.edu/x19320.xml,New Media %26 Digital Humanities,105
"King's College London - Research Developer, Digital Humanities",2013,http://www.kcl.ac.uk/depsta/pertra/vacancy/external/pers_detail.php?jobindex=12519,Unknown,New Media %26 Digital Humanities,Wiki,http://www.kcl.ac.uk/depsta/pertra/vacancy/external/pers_detail.php?jobindex=12519,New Media %26 Digital Humanities,105
Penn State University - Digital Humanities Design Consultant (University Libraries) - INTERVIEW SCHEDULED,2013,http://www.libraries.psu.edu/psul/jobs/facjobs/dhdc.html,Unknown,New Media %26 Digital Humanities,Wiki,http://www.libraries.psu.edu/psul/jobs/facjobs/dhdc.html,New Media %26 Digital Humanities,105
Salaries for WPA Positions starting in AY 2013-14,2013,,Unknown,Rhetoric/Composition Salaries for AY,Wiki,,Rhetoric/Composition Salaries for AY,9
Salaries for WPA Positions starting in AY 2015-16,2015,,Unknown,Rhetoric/Composition Salaries for AY,Wiki,,Rhetoric/Composition Salaries for AY,9
College of William and Mary - Associate Prof. - New Media Ecologies (American Studies) - SKYPE INTERVIEWS SCHEDULED,2014,,Unknown,New Media and Digital Humanities,Wiki,,New Media and Digital Humanities,300
"Cuyahoga Community College (OH) - Tenure Track Faculty, English",2016,https://careers.tri-c.edu/postings/65372 | https://careers.insidehighered.com/cuyahoga-community-college/tenure-track-faculty-english/jobs/946306,Unknown,Community Colleges,Wiki,https://careers.tri-c.edu/postings/65372 | https://careers.insidehighered.com/cuyahoga-community-college/tenure-track-faculty-english/jobs/946306,Community Colleges,353
"Cuyahoga Community College (OH) - Tenure Track Faculty, Humanities",2016,https://careers.tri-c.edu/postings/65373 | https://careers.insidehighered.com/cuyahoga-community-college/tenure-track-faculty-humanities/jobs/946291,Unknown,Community Colleges,Wiki,https://careers.tri-c.edu/postings/65373 | https://careers.insidehighered.com/cuyahoga-community-college/tenure-track-faculty-humanities/jobs/946291,Community Colleges,353
Massasoit Community College (MA) - Full-Time English Faculty,2016,https://massasoit.interviewexchange.com/jobofferdetails.jsp?JOBID=64839 | https://www.higheredjobs.com/faculty/details.cfm?JobCode=176151643&Title=Full-Time%20English%20Faculty,Unknown,Community Colleges,Wiki,https://massasoit.interviewexchange.com/jobofferdetails.jsp?JOBID=64839 | https://www.higheredjobs.com/faculty/details.cfm?JobCode=176151643&Title=Full-Time%20English%20Faculty,Community Colleges,353
Indiana University - Peg Zeglin Brand Chair in Gender Studies - CAMPUS INTERVIEWS SCHEDULED,2014,http://indiana.peopleadmin.com/postings/544,Unknown,Queer/Women%27s/Gender Studies 2014#Texas A.26M - TT Advanced Assistant Professor.2C Gender and Sexuality Studies with an Emphasis in,Wiki,http://indiana.peopleadmin.com/postings/544,Queer/Women%27s/Gender Studies 2014#Texas A.26M - TT Advanced Assistant Professor.2C Gender and Sexuality Studies with an Emphasis in,94
"Lehman College, CUNY - Women's/Gender History and Online Education ",2014,,Unknown,Queer/Women%27s/Gender Studies 2014#Texas A.26M - TT Advanced Assistant Professor.2C Gender and Sexuality Studies with an Emphasis in,Wiki,,Queer/Women%27s/Gender Studies 2014#Texas A.26M - TT Advanced Assistant Professor.2C Gender and Sexuality Studies with an Emphasis in,94
Asst. Prof - Sexuality Studies - OFFER ACCEPTED,2014,mailto:hmsxdept@sfsu.edu,Unknown,Queer/Women%27s/Gender Studies 2014#Texas A.26M - TT Advanced Assistant Professor.2C Gender and Sexuality Studies with an Emphasis in,Wiki,mailto:hmsxdept@sfsu.edu,Queer/Women%27s/Gender Studies 2014#Texas A.26M - TT Advanced Assistant Professor.2C Gender and Sexuality Studies with an Emphasis in,94
"Stephanie Bennett-Smith Chair in Women, Gender and Sexuality Studies (Tenured Full Prof.) ",2014,,Unknown,Queer/Women%27s/Gender Studies 2014#Texas A.26M - TT Advanced Assistant Professor.2C Gender and Sexuality Studies with an Emphasis in,Wiki,,Queer/Women%27s/Gender Studies 2014#Texas A.26M - TT Advanced Assistant Professor.2C Gender and Sexuality Studies with an Emphasis in,94
"Wesleyan University - Feminist, Gender, and Sexuality Program Chair (Assoc. or Full Prof.) - POSITION FILLED",2014,https://careers.wesleyan.edu/postings/3930,Unknown,Queer/Women%27s/Gender Studies 2014#Texas A.26M - TT Advanced Assistant Professor.2C Gender and Sexuality Studies with an Emphasis in,Wiki,https://careers.wesleyan.edu/postings/3930,Queer/Women%27s/Gender Studies 2014#Texas A.26M - TT Advanced Assistant Professor.2C Gender and Sexuality Studies with an Emphasis in,94
Institute for Health & Socio-Economic Policy - Educator and Research Analyst Positions (Global Women’s Health Leadership),2014,http://womens-studies.rutgers.edu/undergraduate/undergraduate-certificate-in-womens-global-health-leadership | http://www.pcrecruiter.net/pcrbin/direct.asp?db=liL0IwkeiowS0NKI7x3IZJm6D4RySclfkuo%3d&id=106827182146016&src=ccc | http://www.pcrecruiter.net/pcrbin/direct.asp?db=liL0IwkeiowS0NKI7x3IZJm6D4RySclfkuo%3d&id=617903226437324&src=wk | https://www.wikia.org/ | https://www.wikia.org/do-not-sell-my-info | https://www.wikia.org/do-not-sell-my-info,Unknown,Queer/Women%27s/Gender Studies 2014#Texas A.26M - TT Advanced Assistant Professor.2C Gender and Sexuality Studies with an Emphasis in,Wiki,http://womens-studies.rutgers.edu/undergraduate/undergraduate-certificate-in-womens-global-health-leadership | http://www.pcrecruiter.net/pcrbin/direct.asp?db=liL0IwkeiowS0NKI7x3IZJm6D4RySclfkuo%3d&id=106827182146016&src=ccc | http://www.pcrecruiter.net/pcrbin/direct.asp?db=liL0IwkeiowS0NKI7x3IZJm6D4RySclfkuo%3d&id=617903226437324&src=wk | https://www.wikia.org/ | https://www.wikia.org/do-not-sell-my-info | https://www.wikia.org/do-not-sell-my-info,Queer/Women%27s/Gender Studies 2014#Texas A.26M - TT Advanced Assistant Professor.2C Gender and Sexuality Studies with an Emphasis in,94
College of William and Mary - Associate Prof. - New Media Ecologies (American Studies),2014,,Unknown,Theory,Wiki,,Theory,2
"Queen's University (Kingston, ON) - Bader Curator of European Art",2018,,Unknown,Art History Jobs,Wiki,,Art History Jobs,114
"Montgomery College (Takoma Park, MD)- Full-Time Faculty",2018,,Unknown,Art History Jobs,Wiki,,Art History Jobs,114
Equal Employment Opportunity Statement,2018,http://www.upenn.edu/affirm-action/,Unknown,Art History Jobs,Wiki,http://www.upenn.edu/affirm-action/,Art History Jobs,114
"Maryland Institute College of Art, Baltimore, MD: Full-time faculty position (continuing; multi-year renewable in a non-tenure institution) in Digital Medial Studies, Technology, and Visual Culture",2018,https://micahr.slideroom.com/,Unknown,Art History Jobs,Wiki,https://micahr.slideroom.com/,Art History Jobs,114
Responsibilities,2019,,Unknown,Archaeology,Wiki,,Archaeology,24
Qualifications,2019,,Unknown,Archaeology,Wiki,,Archaeology,24
"Delft University of Technology (The Netherlands) - Researcher, Faculty of Mechanical, Maritime, and Materials Engineering - Deadline 01 September 2020",2019,https://www.tudelft.nl/en/staff/g.langejans/?no_cache=1&cHash= | https://www.tudelft.nl/staff/c.h.corbato/ | https://www.tudelft.nl/ | https://www.tudelft.nl/en/about-tu-delft/strategy/integrity-policy/tu-delft-code-of-conduct/ | https://www.tudelft.nl/en/3me | mailto:g.langejans@tudelft.nl | mailto:c.h.corbato@tudelft.nl,Unknown,Archaeology,Wiki,https://www.tudelft.nl/en/staff/g.langejans/?no_cache=1&cHash= | https://www.tudelft.nl/staff/c.h.corbato/ | https://www.tudelft.nl/ | https://www.tudelft.nl/en/about-tu-delft/strategy/integrity-policy/tu-delft-code-of-conduct/ | https://www.tudelft.nl/en/3me | mailto:g.langejans@tudelft.nl | mailto:c.h.corbato@tudelft.nl,Archaeology,24
Boston University (USA:MA). ,2019,https://jobs.chronicle.com/job/291088/martin-luther-king-jr-professor-of-religion-and-black-studies/,Unknown,African %26 African American Studies,Wiki,https://jobs.chronicle.com/job/291088/martin-luther-king-jr-professor-of-religion-and-black-studies/,African %26 African American Studies,67
"Cambridge University (Cambridge, UK)",2019,https://www.jobs.cam.ac.uk/job/27641/,Unknown,African %26 African American Studies,Wiki,https://www.jobs.cam.ac.uk/job/27641/,African %26 African American Studies,67
University of Bayreuth (DEU:Bay),2019,https://www.uni-bayreuth.de/en/university/work-at-the-university/job-vacancies/professors/african-language/index.html,Unknown,African %26 African American Studies,Wiki,https://www.uni-bayreuth.de/en/university/work-at-the-university/job-vacancies/professors/african-language/index.html,African %26 African American Studies,67
University of Notre Dame (USA:IN).,2019,https://apply.interfolio.com/79997,Unknown,African %26 African American Studies,Wiki,https://apply.interfolio.com/79997,African %26 African American Studies,67
"Florida Gulf Coast University (FLORIDA, USA)",2020,https://joblist.mla.org/job-details/2727/instructor-i-spanish/?kw=gulf+coast&ix=2#top-pagination,Unknown,Spanish and Portuguese,Wiki,https://joblist.mla.org/job-details/2727,Spanish and Portuguese,24
University of California Santa Cruz (CALIFORNIA / USA),2020,https://recruit.ucsc.edu/JPF00937?fbclid=IwAR0CHo0HkNUcxMpTnpprrjghOi_WXX9Q_DyiHyswBPe7SbEuz4YrwNXT974,Unknown,Spanish and Portuguese,Wiki,https://recruit.ucsc.edu/JPF00937?fbclid=IwAR0CHo0HkNUcxMpTnpprrjghOi_WXX9Q_DyiHyswBPe7SbEuz4YrwNXT974,Spanish and Portuguese,24
"Wake Forest University (NORTH CAROLINA, USA). ",2020,https://www.higheredjobs.com/faculty/details.cfm?JobCode=177318780&Title=Assistant%20Teaching%20Professor%2C%20Spanish,Unknown,Spanish and Portuguese,Wiki,https://www.higheredjobs.com/faculty/details.cfm?JobCode=177318780&Title=Assistant%20Teaching%20Professor%2C%20Spanish,Spanish and Portuguese,24
"University of Massachusetts, Boston (MASSACHUSETTS, USA)",2020,https://www.higheredjobs.com/faculty/details.cfm?JobCode=177304346&Title=Latin%20American%20and%20Iberian%20Studies%20%2D%20NTT%20Lecturer%2FDirector%20of%20Portuguese%20%26amp%3B%20Spanish%20Language%20Programs,Unknown,Spanish and Portuguese,Wiki,https://www.higheredjobs.com/faculty/details.cfm?JobCode=177304346&Title=Latin%20American%20and%20Iberian%20Studies%20%2D%20NTT%20Lecturer%2FDirector%20of%20Portuguese%20%26amp%3B%20Spanish%20Language%20Programs,Spanish and Portuguese,24
"Brigham Young University (UTAH, USA)",2020,https://hrms.byu.edu/psc/ps/PUBLIC/HRMS/c/HRS_HRAM.HRS_APP_SCHJOB.GBL?Page=HRS_APP_JBPST&Action=U&FOCUS=Employee&SiteId=70&JobOpeningId=91442&PostingSeq=1,Unknown,Spanish and Portuguese,Wiki,https://hrms.byu.edu/psc/ps/PUBLIC/HRMS/c/HRS_HRAM.HRS_APP_SCHJOB.GBL?Page=HRS_APP_JBPST&Action=U&FOCUS=Employee&SiteId=70&JobOpeningId=91442&PostingSeq=1,Spanish and Portuguese,24
Tokyo University (JAPAN),2020,https://academicjobsonline.org/ajo/jobs/16616,Unknown,Spanish and Portuguese,Wiki,https://academicjobsonline.org/ajo/jobs/16616,Spanish and Portuguese,24
"Mercer University: Faculty, Communication Studies, Tenure track Department: Communications Studies/Theatre Division: College of Liberal Arts and Sciences",2020,https://mujobs.mercer.edu/en-us/job/495234/faculty-communication-studies,Unknown,Communication and Media Studies,Wiki,https://mujobs.mercer.edu/en-us/job/495234/faculty-communication-studies,Communication and Media Studies,28
"North Carolina State University (Raleigh, NC, USA) Open Rank Professional Track Faculty in Communication/Public Relations",2020,https://jobs.ncsu.edu/postings/136294?fbclid=IwAR18rVetimQCIkG8TVTuFaqefaLgrggwY8RhSceFRTXK9Gn1VJWebAKyuPQ,Unknown,Communication and Media Studies,Wiki,https://jobs.ncsu.edu/postings/136294?fbclid=IwAR18rVetimQCIkG8TVTuFaqefaLgrggwY8RhSceFRTXK9Gn1VJWebAKyuPQ,Communication and Media Studies,28
Lists of Schools that have Interviewed / Made Offers,2020,,Unknown,Social Work,Wiki,,Social Work,54
Ball State University (IN),2020,https://bsu.peopleadmin.com/postings/22613,Unknown,Social Work,Wiki,https://bsu.peopleadmin.com/postings/22613,Social Work,54
Case Western Reserve University (OH),2020,https://case.edu/schubertcenter/sites/case.edu.schubertcenter/files/2020-09/Schubert%20Center%20for%20Child%20Studies%20-%20Post%20Doc%20Job%20Description.pdf,Unknown,Social Work,Wiki,https://case.edu/schubertcenter/sites/case.edu.schubertcenter/files/2020-09/Schubert%20Center%20for%20Child%20Studies%20-%20Post%20Doc%20Job%20Description.pdf,Social Work,54
Chadron State College (NE),2020,https://nscs.peopleadmin.com/postings/7852,Unknown,Social Work,Wiki,https://nscs.peopleadmin.com/postings/7852,Social Work,54
Concord University (WV),2020,https://jobs.concord.edu/postings/2585,Unknown,Social Work,Wiki,https://jobs.concord.edu/postings/2585,Social Work,54
Indiana University Purdue University Indianapolis,2020,https://indiana.peopleadmin.com/postings/9936,Unknown,Social Work,Wiki,https://indiana.peopleadmin.com/postings/9936,Social Work,54
Indiana Wesleyan University,2020,https://indwes.csod.com/ats/careersite/JobDetails.aspx?id=1706&site=1,Unknown,Social Work,Wiki,https://indwes.csod.com/ats/careersite/JobDetails.aspx?id=1706&site=1,Social Work,54
Southern Illinois University Carbondale (IL),2020,https://www.higheredjobs.com/search/details.cfm?JobCode=177327294&Title=Assistant%20Lecturer%2FUndergraduate%20Field%20Coordinator%20for%20Social%20Work,Unknown,Social Work,Wiki,https://www.higheredjobs.com/search/details.cfm?JobCode=177327294&Title=Assistant%20Lecturer%2FUndergraduate%20Field%20Coordinator%20for%20Social%20Work,Social Work,54
Stony Brook University (NY),2020,https://apply.interfolio.com/77791,Unknown,Social Work,Wiki,https://apply.interfolio.com/77791,Social Work,54
Temple University (PA),2020,https://www.higheredjobs.com/search/details.cfm?JobCode=177303902&Title=Social%20Work%20Open%20Rank%20Non%2DTenure%20Track%20Instructional%20Faculty%3A%20Classroom%20and%20Online | https://www.higheredjobs.com/search/details.cfm?JobCode=177303900&Title=Laura%20H%2E%20Carnell%20Endowed%20Professor%20of%20Social%20Work,Unknown,Social Work,Wiki,https://www.higheredjobs.com/search/details.cfm?JobCode=177303902&Title=Social%20Work%20Open%20Rank%20Non%2DTenure%20Track%20Instructional%20Faculty%3A%20Classroom%20and%20Online | https://www.higheredjobs.com/search/details.cfm?JobCode=177303900&Title=Laura%20H%2E%20Carnell%20Endowed%20Professor%20of%20Social%20Work,Social Work,54
University of Central Florida,2020,https://careers.pageuppeople.com/864/cw/en-us/job/499375?lApplicationSubSourceID=11250,Unknown,Social Work,Wiki,https://careers.pageuppeople.com/864/cw/en-us/job/499375?lApplicationSubSourceID=11250,Social Work,54
University of Connecticut,2020,https://academicjobsonline.org/ajo/jobs/17503 | https://ssw.uconn.edu/person/joanne-corbin-phd/,Unknown,Social Work,Wiki,https://academicjobsonline.org/ajo/jobs/17503 | https://ssw.uconn.edu/person/joanne-corbin-phd/,Social Work,54
University of Nebraska at Omaha (NE),2020,https://unomaha.peopleadmin.com/postings/11244,Unknown,Social Work,Wiki,https://unomaha.peopleadmin.com/postings/11244,Social Work,54
University of St. Francis (IL),2020,https://stfrancis.peopleadmin.com/postings/4068,Unknown,Social Work,Wiki,https://stfrancis.peopleadmin.com/postings/4068,Social Work,54
University of Texas at El Paso,2020,https://careers.cswe.org/job/senior-faculty-position-announcement/54741273/,Unknown,Social Work,Wiki,https://careers.cswe.org/job/senior-faculty-position-announcement/54741273/,Social Work,54
University of the Pacific (CA),2020,https://careers.cswe.org/job/assistantassociate-clinical-professor-healthcarefield-practice/54704140/,Unknown,Social Work,Wiki,https://careers.cswe.org/job/assistantassociate-clinical-professor-healthcarefield-practice/54704140/,Social Work,54
Utica College (NY),2020,https://uc.peopleadmin.com/,Unknown,Social Work,Wiki,https://uc.peopleadmin.com/,Social Work,54
Virginia Commonwealth University (VA),2020,http://www.vcujobs.com/postings/100360,Unknown,Social Work,Wiki,http://www.vcujobs.com/postings/100360,Social Work,54
